{
  "edges": {
    "ifWhiteBg": 0,
    "ifBlackBg": 1,
    "nofEdgePixels": 15090,
    "allPixels": 1227600,
    "edgePercent": 0.01229227761485826
  },
  "skinTone": {
    "ifWhiteBg": 0.6582795538478755,
    "ifBlackBg": 0.34172044615212444,
    "nofSkinTonePixels": 160842,
    "allPixels": 1227600,
    "skinPercent": 0.13102150537634408
  }
}