{
  "edges": {
    "ifWhiteBg": 0.000634565447911406,
    "ifBlackBg": 0.9993654345520886,
    "nofEdgePixels": 119767,
    "allPixels": 2160000,
    "edgePercent": 0.05544768518518518
  },
  "skinTone": {
    "ifWhiteBg": 0.9741733008940011,
    "ifBlackBg": 0.025826699105998878,
    "nofSkinTonePixels": 138926,
    "allPixels": 2160000,
    "skinPercent": 0.06431759259259259
  }
}