{
  "edges": {
    "ifWhiteBg": 0.004537226414650819,
    "ifBlackBg": 0.9954627735853492,
    "nofEdgePixels": 42537,
    "allPixels": 1363200,
    "edgePercent": 0.031203785211267605
  },
  "skinTone": {
    "ifWhiteBg": 0.7996572169723921,
    "ifBlackBg": 0.20034278302760794,
    "nofSkinTonePixels": 431760,
    "allPixels": 1363200,
    "skinPercent": 0.31672535211267605
  }
}