{
  "edges": {
    "ifWhiteBg": 0.00032912523215078426,
    "ifBlackBg": 0.9996708747678492,
    "nofEdgePixels": 42537,
    "allPixels": 1363200,
    "edgePercent": 0.031203785211267605
  },
  "skinTone": {
    "ifWhiteBg": 0.9288678895682787,
    "ifBlackBg": 0.07113211043172132,
    "nofSkinTonePixels": 431760,
    "allPixels": 1363200,
    "skinPercent": 0.31672535211267605
  }
}