{
  "edges": {
    "ifWhiteBg": 0.2678844300256248,
    "ifBlackBg": 0.7321155699743753,
    "nofEdgePixels": 42537,
    "allPixels": 1363200,
    "edgePercent": 0.031203785211267605
  },
  "skinTone": {
    "ifWhiteBg": 0.5325134333889198,
    "ifBlackBg": 0.46748656661108023,
    "nofSkinTonePixels": 431760,
    "allPixels": 1363200,
    "skinPercent": 0.31672535211267605
  }
}