{
  "edges": {
    "ifWhiteBg": 0.5113320079522863,
    "ifBlackBg": 0.4886679920477137,
    "nofEdgePixels": 15090,
    "allPixels": 1227600,
    "edgePercent": 0.01229227761485826
  },
  "skinTone": {
    "ifWhiteBg": 0.16146901928600738,
    "ifBlackBg": 0.8385309807139926,
    "nofSkinTonePixels": 160842,
    "allPixels": 1227600,
    "skinPercent": 0.13102150537634408
  }
}