{
  "edges": {
    "ifWhiteBg": 0.00860838127363961,
    "ifBlackBg": 0.9913916187263604,
    "nofEdgePixels": 119767,
    "allPixels": 2160000,
    "edgePercent": 0.05544768518518518
  },
  "skinTone": {
    "ifWhiteBg": 0.9027899745188086,
    "ifBlackBg": 0.09721002548119143,
    "nofSkinTonePixels": 138926,
    "allPixels": 2160000,
    "skinPercent": 0.06431759259259259
  }
}