{
  "edges": {
    "ifWhiteBg": 0.0007908264136021748,
    "ifBlackBg": 0.9992091735863978,
    "nofEdgePixels": 22761,
    "allPixels": 1051200,
    "edgePercent": 0.021652397260273973
  },
  "skinTone": {
    "ifWhiteBg": 0.9343047838697278,
    "ifBlackBg": 0.06569521613027221,
    "nofSkinTonePixels": 314787,
    "allPixels": 1051200,
    "skinPercent": 0.2994549086757991
  }
}